{
  "current-scene": "45149076-2033-4468-9d43-3e6822d77e79",
  "gizmos-infos": {
    "iconGizmoSize": 2,
    "isGridVisible": true,
    "isIconGizmo3D": false
  },
  "camera-infos": {
    "45149076-2033-4468-9d43-3e6822d77e79": {
      "position": {
        "x": -4.664005726596656,
        "y": -4.042771291242802,
        "z": 18.960241708976152
      },
      "rotation": {
        "w": 0.9833950172863026,
        "x": 0.03621064748303227,
        "y": -0.1756004177056699,
        "z": -0.003542284648636023
      },
      "viewCenter": {
        "x": 35.06049146004803,
        "y": 3.9997711503459925,
        "z": -88.49614409262587
      }
    },
    "f46876e4-e81b-4931-b493-6d367be385e7": {
      "position": {
        "x": -3.3485626050944237,
        "y": 25.05085996862539,
        "z": -2.7677506713579465
      },
      "rotation": {
        "w": 0.8002482693742767,
        "x": -0.5926091214433898,
        "y": -0.08363773467563135,
        "z": -0.03181950744831813
      },
      "viewCenter": {
        "x": 24.903919515532397,
        "y": -255.21227488553313,
        "z": -85.9920516404112
      }
    }
  },
  "camera-uuids": [
    "f46876e4-e81b-4931-b493-6d367be385e7",
    "45149076-2033-4468-9d43-3e6822d77e79"
  ]
}
